{
    "loss": [
        1.3906667111005337,
        1.1707725937865654,
        1.1634599168274358,
        1.1663981761485749,
        1.1626150301829514,
        1.1620341099326603,
        1.157456375514837,
        1.1597902522763601,
        1.1611601083896048,
        1.1567036908520154,
        1.157403242325323,
        1.1561485930415225,
        1.153660349691538,
        1.1528073371113496,
        1.1493100879441938,
        1.1515811254006114,
        1.1503567432076478,
        1.148262244774947,
        1.148202452695731,
        1.1482958577716975
    ],
    "counter": [
        10,
        20,
        30,
        40,
        50,
        60,
        70,
        80,
        90,
        100,
        110,
        120,
        130,
        140,
        150,
        160,
        170,
        180,
        190,
        200
    ],
    "bal_acc": [
        0.5,
        0.5,
        0.5,
        0.5,
        0.5,
        0.5,
        0.5,
        0.5,
        0.5,
        0.5,
        0.5,
        0.5,
        0.5,
        0.5,
        0.5,
        0.5,
        0.5,
        0.5,
        0.5,
        0.5
    ],
    "TP": [
        0,
        0,
        0,
        0,
        0,
        0,
        0,
        0,
        0,
        0,
        0,
        0,
        0,
        0,
        0,
        0,
        0,
        0,
        0,
        0
    ],
    "TN": [
        10,
        15,
        10,
        20,
        20,
        10,
        15,
        15,
        15,
        15,
        15,
        10,
        15,
        15,
        15,
        10,
        10,
        15,
        10,
        20
    ],
    "FP": [
        0,
        0,
        0,
        0,
        0,
        0,
        0,
        0,
        0,
        0,
        0,
        0,
        0,
        0,
        0,
        0,
        0,
        0,
        0,
        0
    ],
    "FN": [
        15,
        10,
        15,
        5,
        5,
        15,
        10,
        10,
        10,
        10,
        10,
        15,
        10,
        10,
        10,
        15,
        15,
        10,
        15,
        5
    ]
}