{
    "loss": [
        0.2307700582731197,
        0.07356356373236363,
        0.07330827690537803,
        0.07341822848934937,
        0.07440349028109683,
        0.07439689148863977,
        0.07481635484546834,
        0.07295155815636488,
        0.07212866404537656,
        0.07213387848198742,
        0.07198111775533883,
        0.07212888253416569,
        0.0721038576143668,
        0.0717909840133154,
        0.07195812815764391,
        0.07193023233723214,
        0.07186596001660035,
        0.07171095292450803,
        0.07167775792482799,
        0.07166656426387549
    ],
    "counter": [
        10,
        20,
        30,
        40,
        50,
        60,
        70,
        80,
        90,
        100,
        110,
        120,
        130,
        140,
        150,
        160,
        170,
        180,
        190,
        200
    ],
    "bal_acc": [
        0.5,
        0.5,
        0.5,
        0.5,
        0.5,
        0.5,
        0.5,
        0.5,
        0.5,
        0.5,
        0.5,
        0.5,
        0.5,
        0.5,
        0.5,
        0.5,
        0.5,
        0.5,
        0.5,
        0.5
    ],
    "TP": [
        901255,
        0,
        10603,
        21206,
        74221,
        10603,
        63618,
        21206,
        10603,
        0,
        10603,
        0,
        10603,
        0,
        10603,
        10603,
        0,
        10603,
        0,
        0
    ],
    "TN": [
        8077882,
        9149052,
        9136450,
        9123848,
        9060838,
        9136450,
        9073440,
        9123848,
        9136450,
        9149052,
        9136450,
        9149052,
        9136450,
        9149052,
        9136450,
        9136450,
        9149052,
        9136450,
        9149052,
        9149052
    ],
    "FP": [
        1071170,
        0,
        12602,
        25204,
        88214,
        12602,
        75612,
        25204,
        12602,
        0,
        12602,
        0,
        12602,
        0,
        12602,
        12602,
        0,
        12602,
        0,
        0
    ],
    "FN": [
        6796523,
        7697778,
        7687175,
        7676572,
        7623557,
        7687175,
        7634160,
        7676572,
        7687175,
        7697778,
        7687175,
        7697778,
        7687175,
        7697778,
        7687175,
        7687175,
        7697778,
        7687175,
        7697778,
        7697778
    ]
}